<?xml version="1.0" encoding="UTF-8"?>
<GenRun Id="xadc_wiz_synth_1" LaunchPart="xc7a100tcsg324-1" LaunchTime="1661782141">
  <File Type="PA-TCL" Name="xadc_wiz.tcl"/>
  <File Type="RDS-PROPCONSTRS" Name="xadc_wiz_drc_synth.rpt"/>
  <File Type="REPORTS-TCL" Name="xadc_wiz_reports.tcl"/>
  <File Type="RDS-RDS" Name="xadc_wiz.vds"/>
  <File Type="RDS-UTIL" Name="xadc_wiz_utilization_synth.rpt"/>
  <File Type="RDS-UTIL-PB" Name="xadc_wiz_utilization_synth.pb"/>
  <File Type="RDS-DCP" Name="xadc_wiz.dcp"/>
  <File Type="VDS-TIMINGSUMMARY" Name="xadc_wiz_timing_summary_synth.rpt"/>
  <File Type="VDS-TIMING-PB" Name="xadc_wiz_timing_summary_synth.pb"/>
  <FileSet Name="sources" Type="BlockSrcs" RelSrcDir="$PSRCDIR/xadc_wiz">
    <File Path="$PSRCDIR/sources_1/ip/xadc_wiz/xadc_wiz.xci">
      <FileInfo>
        <Attr Name="UsedIn" Val="synthesis"/>
        <Attr Name="UsedIn" Val="implementation"/>
        <Attr Name="UsedIn" Val="simulation"/>
      </FileInfo>
    </File>
    <Config>
      <Option Name="TopModule" Val="xadc_wiz"/>
      <Option Name="UseBlackboxStub" Val="1"/>
    </Config>
  </FileSet>
  <FileSet Name="constrs_in" Type="BlockSrcs" RelSrcDir="$PSRCDIR/xadc_wiz">
    <File Path="$PSRCDIR/sources_1/ip/xadc_wiz/xadc_wiz.xci">
      <FileInfo>
        <Attr Name="UsedIn" Val="synthesis"/>
        <Attr Name="UsedIn" Val="implementation"/>
        <Attr Name="UsedIn" Val="simulation"/>
      </FileInfo>
    </File>
    <Config>
      <Option Name="TopModule" Val="xadc_wiz"/>
      <Option Name="UseBlackboxStub" Val="1"/>
    </Config>
  </FileSet>
  <FileSet Name="utils" Type="Utils" RelSrcDir="$PSRCDIR/utils_1">
    <Filter Type="Utils"/>
    <Config>
      <Option Name="TopAutoSet" Val="TRUE"/>
    </Config>
  </FileSet>
  <Strategy Version="1" Minor="2">
    <StratHandle Name="Vivado Synthesis Defaults" Flow="Vivado Synthesis 2020">
      <Desc>Vivado Synthesis Defaults</Desc>
    </StratHandle>
    <Step Id="synth_design"/>
  </Strategy>
</GenRun>
