<?xml version="1.0" encoding="UTF-8"?>
<GenRun Id="impl_1" LaunchPart="xc7a100tcsg324-1" LaunchTime="1661784243">
  <File Type="BITSTR-BMM" Name="XADC_xadc_bd.bmm"/>
  <File Type="OPT-METHODOLOGY-DRC" Name="XADC_xadc_methodology_drc_opted.rpt"/>
  <File Type="INIT-TIMING" Name="XADC_xadc_timing_summary_init.rpt"/>
  <File Type="ROUTE-PWR" Name="XADC_xadc_power_routed.rpt"/>
  <File Type="PA-TCL" Name="XADC_xadc.tcl"/>
  <File Type="OPT-TIMING" Name="XADC_xadc_timing_summary_opted.rpt"/>
  <File Type="OPT-DCP" Name="XADC_xadc_opt.dcp"/>
  <File Type="ROUTE-PWR-SUM" Name="XADC_xadc_power_summary_routed.pb"/>
  <File Type="REPORTS-TCL" Name="XADC_xadc_reports.tcl"/>
  <File Type="OPT-DRC" Name="XADC_xadc_drc_opted.rpt"/>
  <File Type="OPT-HWDEF" Name="XADC_xadc.hwdef"/>
  <File Type="PWROPT-DCP" Name="XADC_xadc_pwropt.dcp"/>
  <File Type="PWROPT-DRC" Name="XADC_xadc_drc_pwropted.rpt"/>
  <File Type="PWROPT-TIMING" Name="XADC_xadc_timing_summary_pwropted.rpt"/>
  <File Type="PLACE-DCP" Name="XADC_xadc_placed.dcp"/>
  <File Type="PLACE-IO" Name="XADC_xadc_io_placed.rpt"/>
  <File Type="PLACE-CLK" Name="XADC_xadc_clock_utilization_placed.rpt"/>
  <File Type="PLACE-UTIL" Name="XADC_xadc_utilization_placed.rpt"/>
  <File Type="PLACE-UTIL-PB" Name="XADC_xadc_utilization_placed.pb"/>
  <File Type="PLACE-CTRL" Name="XADC_xadc_control_sets_placed.rpt"/>
  <File Type="PLACE-SIMILARITY" Name="XADC_xadc_incremental_reuse_placed.rpt"/>
  <File Type="PLACE-PRE-SIMILARITY" Name="XADC_xadc_incremental_reuse_pre_placed.rpt"/>
  <File Type="PLACE-TIMING" Name="XADC_xadc_timing_summary_placed.rpt"/>
  <File Type="POSTPLACE-PWROPT-DCP" Name="XADC_xadc_postplace_pwropt.dcp"/>
  <File Type="BG-BIN" Name="XADC_xadc.bin"/>
  <File Type="POSTPLACE-PWROPT-TIMING" Name="XADC_xadc_timing_summary_postplace_pwropted.rpt"/>
  <File Type="PHYSOPT-DCP" Name="XADC_xadc_physopt.dcp"/>
  <File Type="PHYSOPT-DRC" Name="XADC_xadc_drc_physopted.rpt"/>
  <File Type="BITSTR-MSK" Name="XADC_xadc.msk"/>
  <File Type="PHYSOPT-TIMING" Name="XADC_xadc_timing_summary_physopted.rpt"/>
  <File Type="ROUTE-ERROR-DCP" Name="XADC_xadc_routed_error.dcp"/>
  <File Type="ROUTE-DCP" Name="XADC_xadc_routed.dcp"/>
  <File Type="ROUTE-BLACKBOX-DCP" Name="XADC_xadc_routed_bb.dcp"/>
  <File Type="ROUTE-DRC" Name="XADC_xadc_drc_routed.rpt"/>
  <File Type="ROUTE-DRC-PB" Name="XADC_xadc_drc_routed.pb"/>
  <File Type="ROUTE-DRC-RPX" Name="XADC_xadc_drc_routed.rpx"/>
  <File Type="BITSTR-MMI" Name="XADC_xadc.mmi"/>
  <File Type="ROUTE-METHODOLOGY-DRC" Name="XADC_xadc_methodology_drc_routed.rpt"/>
  <File Type="ROUTE-METHODOLOGY-DRC-RPX" Name="XADC_xadc_methodology_drc_routed.rpx"/>
  <File Type="ROUTE-METHODOLOGY-DRC-PB" Name="XADC_xadc_methodology_drc_routed.pb"/>
  <File Type="ROUTE-PWR-RPX" Name="XADC_xadc_power_routed.rpx"/>
  <File Type="ROUTE-STATUS" Name="XADC_xadc_route_status.rpt"/>
  <File Type="ROUTE-STATUS-PB" Name="XADC_xadc_route_status.pb"/>
  <File Type="ROUTE-TIMINGSUMMARY" Name="XADC_xadc_timing_summary_routed.rpt"/>
  <File Type="ROUTE-TIMING-PB" Name="XADC_xadc_timing_summary_routed.pb"/>
  <File Type="ROUTE-TIMING-RPX" Name="XADC_xadc_timing_summary_routed.rpx"/>
  <File Type="ROUTE-SIMILARITY" Name="XADC_xadc_incremental_reuse_routed.rpt"/>
  <File Type="ROUTE-CLK" Name="XADC_xadc_clock_utilization_routed.rpt"/>
  <File Type="ROUTE-BUS-SKEW" Name="XADC_xadc_bus_skew_routed.rpt"/>
  <File Type="ROUTE-BUS-SKEW-PB" Name="XADC_xadc_bus_skew_routed.pb"/>
  <File Type="ROUTE-BUS-SKEW-RPX" Name="XADC_xadc_bus_skew_routed.rpx"/>
  <File Type="POSTROUTE-PHYSOPT-DCP" Name="XADC_xadc_postroute_physopt.dcp"/>
  <File Type="POSTROUTE-PHYSOPT-BLACKBOX-DCP" Name="XADC_xadc_postroute_physopt_bb.dcp"/>
  <File Type="POSTROUTE-PHYSOPT-TIMING" Name="XADC_xadc_timing_summary_postroute_physopted.rpt"/>
  <File Type="POSTROUTE-PHYSOPT-TIMING-PB" Name="XADC_xadc_timing_summary_postroute_physopted.pb"/>
  <File Type="POSTROUTE-PHYSOPT-TIMING-RPX" Name="XADC_xadc_timing_summary_postroute_physopted.rpx"/>
  <File Type="POSTROUTE-PHYSOPT-BUS-SKEW" Name="XADC_xadc_bus_skew_postroute_physopted.rpt"/>
  <File Type="POSTROUTE-PHYSOPT-BUS-SKEW-PB" Name="XADC_xadc_bus_skew_postroute_physopted.pb"/>
  <File Type="BG-BIT" Name="XADC_xadc.bit"/>
  <File Type="POSTROUTE-PHYSOPT-BUS-SKEW-RPX" Name="XADC_xadc_bus_skew_postroute_physopted.rpx"/>
  <File Type="BITSTR-RBT" Name="XADC_xadc.rbt"/>
  <File Type="BITSTR-NKY" Name="XADC_xadc.nky"/>
  <File Type="PDI-FILE" Name="XADC_xadc.pdi"/>
  <File Type="RCFI_FILE" Name="XADC_xadc.rcfi"/>
  <File Type="CFI_FILE" Name="XADC_xadc.cfi"/>
  <File Type="RNPI_FILE" Name="XADC_xadc.rnpi"/>
  <File Type="NPI_FILE" Name="XADC_xadc.npi"/>
  <File Type="RBD_FILE" Name="XADC_xadc.rbd"/>
  <File Type="BITSTR-LTX" Name="debug_nets.ltx"/>
  <File Type="BITSTR-LTX" Name="XADC_xadc.ltx"/>
  <File Type="BITSTR-SYSDEF" Name="XADC_xadc.sysdef"/>
  <File Type="BG-BGN" Name="XADC_xadc.bgn"/>
  <File Type="BG-DRC" Name="XADC_xadc.drc"/>
  <File Type="RDI-RDI" Name="XADC_xadc.vdi"/>
  <File Type="WBT-USG" Name="usage_statistics_webtalk.html"/>
  <FileSet Name="sources" Type="DesignSrcs" RelSrcDir="$PSRCDIR/sources_1" RelGenDir="$PGENDIR/sources_1">
    <Filter Type="Srcs"/>
    <File Path="$PSRCDIR/sources_1/new/XADC_xadc.vhd">
      <FileInfo>
        <Attr Name="UsedIn" Val="synthesis"/>
        <Attr Name="UsedIn" Val="simulation"/>
      </FileInfo>
    </File>
    <Config>
      <Option Name="DesignMode" Val="RTL"/>
      <Option Name="TopModule" Val="XADC_xadc"/>
      <Option Name="TopAutoSet" Val="TRUE"/>
    </Config>
  </FileSet>
  <FileSet Name="constrs_in" Type="Constrs" RelSrcDir="$PSRCDIR/constrs_1">
    <Filter Type="Constrs"/>
    <File Path="$PSRCDIR/constrs_1/new/master.xdc">
      <FileInfo>
        <Attr Name="UsedIn" Val="synthesis"/>
        <Attr Name="UsedIn" Val="implementation"/>
      </FileInfo>
    </File>
    <Config>
      <Option Name="TargetConstrsFile" Val="$PSRCDIR/constrs_1/new/master.xdc"/>
      <Option Name="ConstrsType" Val="XDC"/>
    </Config>
  </FileSet>
  <FileSet Name="utils" Type="Utils" RelSrcDir="$PSRCDIR/utils_1">
    <Filter Type="Utils"/>
    <Config>
      <Option Name="TopAutoSet" Val="TRUE"/>
    </Config>
  </FileSet>
  <Strategy Version="1" Minor="2">
    <StratHandle Name="Vivado Implementation Defaults" Flow="Vivado Implementation 2020">
      <Desc>Default settings for Implementation.</Desc>
    </StratHandle>
    <Step Id="init_design"/>
    <Step Id="opt_design"/>
    <Step Id="power_opt_design"/>
    <Step Id="place_design"/>
    <Step Id="post_place_power_opt_design"/>
    <Step Id="phys_opt_design"/>
    <Step Id="route_design"/>
    <Step Id="post_route_phys_opt_design"/>
    <Step Id="write_bitstream"/>
  </Strategy>
  <BlockFileSet Type="BlockSrcs" Name="xadc_wiz"/>
</GenRun>
