<?xml version="1.0" encoding="UTF-8"?>
<GenRun Id="impl_1" LaunchPart="xc7a100tcsg324-1" LaunchTime="1659293596">
  <File Type="BITSTR-BMM" Name="LED_bd.bmm"/>
  <File Type="OPT-METHODOLOGY-DRC" Name="LED_methodology_drc_opted.rpt"/>
  <File Type="INIT-TIMING" Name="LED_timing_summary_init.rpt"/>
  <File Type="ROUTE-PWR" Name="LED_power_routed.rpt"/>
  <File Type="PA-TCL" Name="LED.tcl"/>
  <File Type="OPT-TIMING" Name="LED_timing_summary_opted.rpt"/>
  <File Type="OPT-DCP" Name="LED_opt.dcp"/>
  <File Type="ROUTE-PWR-SUM" Name="LED_power_summary_routed.pb"/>
  <File Type="REPORTS-TCL" Name="LED_reports.tcl"/>
  <File Type="OPT-DRC" Name="LED_drc_opted.rpt"/>
  <File Type="OPT-HWDEF" Name="LED.hwdef"/>
  <File Type="PWROPT-DCP" Name="LED_pwropt.dcp"/>
  <File Type="PWROPT-DRC" Name="LED_drc_pwropted.rpt"/>
  <File Type="PWROPT-TIMING" Name="LED_timing_summary_pwropted.rpt"/>
  <File Type="PLACE-DCP" Name="LED_placed.dcp"/>
  <File Type="PLACE-IO" Name="LED_io_placed.rpt"/>
  <File Type="PLACE-CLK" Name="LED_clock_utilization_placed.rpt"/>
  <File Type="PLACE-UTIL" Name="LED_utilization_placed.rpt"/>
  <File Type="PLACE-UTIL-PB" Name="LED_utilization_placed.pb"/>
  <File Type="PLACE-CTRL" Name="LED_control_sets_placed.rpt"/>
  <File Type="PLACE-SIMILARITY" Name="LED_incremental_reuse_placed.rpt"/>
  <File Type="PLACE-PRE-SIMILARITY" Name="LED_incremental_reuse_pre_placed.rpt"/>
  <File Type="PLACE-TIMING" Name="LED_timing_summary_placed.rpt"/>
  <File Type="POSTPLACE-PWROPT-DCP" Name="LED_postplace_pwropt.dcp"/>
  <File Type="BG-BIN" Name="LED.bin"/>
  <File Type="POSTPLACE-PWROPT-TIMING" Name="LED_timing_summary_postplace_pwropted.rpt"/>
  <File Type="PHYSOPT-DCP" Name="LED_physopt.dcp"/>
  <File Type="PHYSOPT-DRC" Name="LED_drc_physopted.rpt"/>
  <File Type="BITSTR-MSK" Name="LED.msk"/>
  <File Type="PHYSOPT-TIMING" Name="LED_timing_summary_physopted.rpt"/>
  <File Type="ROUTE-ERROR-DCP" Name="LED_routed_error.dcp"/>
  <File Type="ROUTE-DCP" Name="LED_routed.dcp"/>
  <File Type="ROUTE-BLACKBOX-DCP" Name="LED_routed_bb.dcp"/>
  <File Type="ROUTE-DRC" Name="LED_drc_routed.rpt"/>
  <File Type="ROUTE-DRC-PB" Name="LED_drc_routed.pb"/>
  <File Type="ROUTE-DRC-RPX" Name="LED_drc_routed.rpx"/>
  <File Type="BITSTR-MMI" Name="LED.mmi"/>
  <File Type="ROUTE-METHODOLOGY-DRC" Name="LED_methodology_drc_routed.rpt"/>
  <File Type="ROUTE-METHODOLOGY-DRC-RPX" Name="LED_methodology_drc_routed.rpx"/>
  <File Type="ROUTE-METHODOLOGY-DRC-PB" Name="LED_methodology_drc_routed.pb"/>
  <File Type="ROUTE-PWR-RPX" Name="LED_power_routed.rpx"/>
  <File Type="ROUTE-STATUS" Name="LED_route_status.rpt"/>
  <File Type="ROUTE-STATUS-PB" Name="LED_route_status.pb"/>
  <File Type="ROUTE-TIMINGSUMMARY" Name="LED_timing_summary_routed.rpt"/>
  <File Type="ROUTE-TIMING-PB" Name="LED_timing_summary_routed.pb"/>
  <File Type="ROUTE-TIMING-RPX" Name="LED_timing_summary_routed.rpx"/>
  <File Type="ROUTE-SIMILARITY" Name="LED_incremental_reuse_routed.rpt"/>
  <File Type="ROUTE-CLK" Name="LED_clock_utilization_routed.rpt"/>
  <File Type="ROUTE-BUS-SKEW" Name="LED_bus_skew_routed.rpt"/>
  <File Type="ROUTE-BUS-SKEW-PB" Name="LED_bus_skew_routed.pb"/>
  <File Type="ROUTE-BUS-SKEW-RPX" Name="LED_bus_skew_routed.rpx"/>
  <File Type="POSTROUTE-PHYSOPT-DCP" Name="LED_postroute_physopt.dcp"/>
  <File Type="POSTROUTE-PHYSOPT-BLACKBOX-DCP" Name="LED_postroute_physopt_bb.dcp"/>
  <File Type="POSTROUTE-PHYSOPT-TIMING" Name="LED_timing_summary_postroute_physopted.rpt"/>
  <File Type="POSTROUTE-PHYSOPT-TIMING-PB" Name="LED_timing_summary_postroute_physopted.pb"/>
  <File Type="POSTROUTE-PHYSOPT-TIMING-RPX" Name="LED_timing_summary_postroute_physopted.rpx"/>
  <File Type="POSTROUTE-PHYSOPT-BUS-SKEW" Name="LED_bus_skew_postroute_physopted.rpt"/>
  <File Type="POSTROUTE-PHYSOPT-BUS-SKEW-PB" Name="LED_bus_skew_postroute_physopted.pb"/>
  <File Type="BG-BIT" Name="LED.bit"/>
  <File Type="POSTROUTE-PHYSOPT-BUS-SKEW-RPX" Name="LED_bus_skew_postroute_physopted.rpx"/>
  <File Type="BITSTR-RBT" Name="LED.rbt"/>
  <File Type="BITSTR-NKY" Name="LED.nky"/>
  <File Type="PDI-FILE" Name="LED.pdi"/>
  <File Type="RCFI_FILE" Name="LED.rcfi"/>
  <File Type="CFI_FILE" Name="LED.cfi"/>
  <File Type="RNPI_FILE" Name="LED.rnpi"/>
  <File Type="NPI_FILE" Name="LED.npi"/>
  <File Type="RBD_FILE" Name="LED.rbd"/>
  <File Type="BITSTR-LTX" Name="debug_nets.ltx"/>
  <File Type="BITSTR-LTX" Name="LED.ltx"/>
  <File Type="BITSTR-SYSDEF" Name="LED.sysdef"/>
  <File Type="BG-BGN" Name="LED.bgn"/>
  <File Type="BG-DRC" Name="LED.drc"/>
  <File Type="RDI-RDI" Name="LED.vdi"/>
  <File Type="WBT-USG" Name="usage_statistics_webtalk.html"/>
  <FileSet Name="sources" Type="DesignSrcs" RelSrcDir="$PSRCDIR/sources_1" RelGenDir="$PGENDIR/sources_1">
    <Filter Type="Srcs"/>
    <File Path="$PSRCDIR/sources_1/new/LED.vhd">
      <FileInfo>
        <Attr Name="UsedIn" Val="synthesis"/>
        <Attr Name="UsedIn" Val="simulation"/>
      </FileInfo>
    </File>
    <Config>
      <Option Name="DesignMode" Val="RTL"/>
      <Option Name="TopModule" Val="LED"/>
      <Option Name="TopAutoSet" Val="TRUE"/>
    </Config>
  </FileSet>
  <FileSet Name="constrs_in" Type="Constrs" RelSrcDir="$PSRCDIR/constrs_1">
    <Filter Type="Constrs"/>
    <File Path="$PSRCDIR/constrs_1/new/led_portyy.xdc">
      <FileInfo>
        <Attr Name="UsedIn" Val="synthesis"/>
        <Attr Name="UsedIn" Val="implementation"/>
      </FileInfo>
    </File>
    <Config>
      <Option Name="TargetConstrsFile" Val="$PSRCDIR/constrs_1/new/led_portyy.xdc"/>
      <Option Name="ConstrsType" Val="XDC"/>
    </Config>
  </FileSet>
  <FileSet Name="utils" Type="Utils" RelSrcDir="$PSRCDIR/utils_1">
    <Filter Type="Utils"/>
    <Config>
      <Option Name="TopAutoSet" Val="TRUE"/>
    </Config>
  </FileSet>
  <Strategy Version="1" Minor="2">
    <StratHandle Name="Vivado Implementation Defaults" Flow="Vivado Implementation 2020"/>
    <Step Id="init_design"/>
    <Step Id="opt_design"/>
    <Step Id="power_opt_design"/>
    <Step Id="place_design"/>
    <Step Id="post_place_power_opt_design"/>
    <Step Id="phys_opt_design"/>
    <Step Id="route_design"/>
    <Step Id="post_route_phys_opt_design"/>
    <Step Id="write_bitstream"/>
  </Strategy>
</GenRun>
