<?xml version="1.0" encoding="UTF-8"?>
<GenRun Id="impl_1" LaunchPart="xc7a100tcsg324-1" LaunchTime="1659888727">
  <File Type="BITSTR-BMM" Name="ADC_bd.bmm"/>
  <File Type="OPT-METHODOLOGY-DRC" Name="ADC_methodology_drc_opted.rpt"/>
  <File Type="INIT-TIMING" Name="ADC_timing_summary_init.rpt"/>
  <File Type="ROUTE-PWR" Name="ADC_power_routed.rpt"/>
  <File Type="PA-TCL" Name="ADC.tcl"/>
  <File Type="OPT-TIMING" Name="ADC_timing_summary_opted.rpt"/>
  <File Type="OPT-DCP" Name="ADC_opt.dcp"/>
  <File Type="ROUTE-PWR-SUM" Name="ADC_power_summary_routed.pb"/>
  <File Type="REPORTS-TCL" Name="ADC_reports.tcl"/>
  <File Type="OPT-DRC" Name="ADC_drc_opted.rpt"/>
  <File Type="OPT-HWDEF" Name="ADC.hwdef"/>
  <File Type="PWROPT-DCP" Name="ADC_pwropt.dcp"/>
  <File Type="PWROPT-DRC" Name="ADC_drc_pwropted.rpt"/>
  <File Type="PWROPT-TIMING" Name="ADC_timing_summary_pwropted.rpt"/>
  <File Type="PLACE-DCP" Name="ADC_placed.dcp"/>
  <File Type="PLACE-IO" Name="ADC_io_placed.rpt"/>
  <File Type="PLACE-CLK" Name="ADC_clock_utilization_placed.rpt"/>
  <File Type="PLACE-UTIL" Name="ADC_utilization_placed.rpt"/>
  <File Type="PLACE-UTIL-PB" Name="ADC_utilization_placed.pb"/>
  <File Type="PLACE-CTRL" Name="ADC_control_sets_placed.rpt"/>
  <File Type="PLACE-SIMILARITY" Name="ADC_incremental_reuse_placed.rpt"/>
  <File Type="PLACE-PRE-SIMILARITY" Name="ADC_incremental_reuse_pre_placed.rpt"/>
  <File Type="PLACE-TIMING" Name="ADC_timing_summary_placed.rpt"/>
  <File Type="POSTPLACE-PWROPT-DCP" Name="ADC_postplace_pwropt.dcp"/>
  <File Type="BG-BIN" Name="ADC.bin"/>
  <File Type="POSTPLACE-PWROPT-TIMING" Name="ADC_timing_summary_postplace_pwropted.rpt"/>
  <File Type="PHYSOPT-DCP" Name="ADC_physopt.dcp"/>
  <File Type="PHYSOPT-DRC" Name="ADC_drc_physopted.rpt"/>
  <File Type="BITSTR-MSK" Name="ADC.msk"/>
  <File Type="PHYSOPT-TIMING" Name="ADC_timing_summary_physopted.rpt"/>
  <File Type="ROUTE-ERROR-DCP" Name="ADC_routed_error.dcp"/>
  <File Type="ROUTE-DCP" Name="ADC_routed.dcp"/>
  <File Type="ROUTE-BLACKBOX-DCP" Name="ADC_routed_bb.dcp"/>
  <File Type="ROUTE-DRC" Name="ADC_drc_routed.rpt"/>
  <File Type="ROUTE-DRC-PB" Name="ADC_drc_routed.pb"/>
  <File Type="ROUTE-DRC-RPX" Name="ADC_drc_routed.rpx"/>
  <File Type="BITSTR-MMI" Name="ADC.mmi"/>
  <File Type="ROUTE-METHODOLOGY-DRC" Name="ADC_methodology_drc_routed.rpt"/>
  <File Type="ROUTE-METHODOLOGY-DRC-RPX" Name="ADC_methodology_drc_routed.rpx"/>
  <File Type="ROUTE-METHODOLOGY-DRC-PB" Name="ADC_methodology_drc_routed.pb"/>
  <File Type="ROUTE-PWR-RPX" Name="ADC_power_routed.rpx"/>
  <File Type="ROUTE-STATUS" Name="ADC_route_status.rpt"/>
  <File Type="ROUTE-STATUS-PB" Name="ADC_route_status.pb"/>
  <File Type="ROUTE-TIMINGSUMMARY" Name="ADC_timing_summary_routed.rpt"/>
  <File Type="ROUTE-TIMING-PB" Name="ADC_timing_summary_routed.pb"/>
  <File Type="ROUTE-TIMING-RPX" Name="ADC_timing_summary_routed.rpx"/>
  <File Type="ROUTE-SIMILARITY" Name="ADC_incremental_reuse_routed.rpt"/>
  <File Type="ROUTE-CLK" Name="ADC_clock_utilization_routed.rpt"/>
  <File Type="ROUTE-BUS-SKEW" Name="ADC_bus_skew_routed.rpt"/>
  <File Type="ROUTE-BUS-SKEW-PB" Name="ADC_bus_skew_routed.pb"/>
  <File Type="ROUTE-BUS-SKEW-RPX" Name="ADC_bus_skew_routed.rpx"/>
  <File Type="POSTROUTE-PHYSOPT-DCP" Name="ADC_postroute_physopt.dcp"/>
  <File Type="POSTROUTE-PHYSOPT-BLACKBOX-DCP" Name="ADC_postroute_physopt_bb.dcp"/>
  <File Type="POSTROUTE-PHYSOPT-TIMING" Name="ADC_timing_summary_postroute_physopted.rpt"/>
  <File Type="POSTROUTE-PHYSOPT-TIMING-PB" Name="ADC_timing_summary_postroute_physopted.pb"/>
  <File Type="POSTROUTE-PHYSOPT-TIMING-RPX" Name="ADC_timing_summary_postroute_physopted.rpx"/>
  <File Type="POSTROUTE-PHYSOPT-BUS-SKEW" Name="ADC_bus_skew_postroute_physopted.rpt"/>
  <File Type="POSTROUTE-PHYSOPT-BUS-SKEW-PB" Name="ADC_bus_skew_postroute_physopted.pb"/>
  <File Type="BG-BIT" Name="ADC.bit"/>
  <File Type="POSTROUTE-PHYSOPT-BUS-SKEW-RPX" Name="ADC_bus_skew_postroute_physopted.rpx"/>
  <File Type="BITSTR-RBT" Name="ADC.rbt"/>
  <File Type="BITSTR-NKY" Name="ADC.nky"/>
  <File Type="PDI-FILE" Name="ADC.pdi"/>
  <File Type="RCFI_FILE" Name="ADC.rcfi"/>
  <File Type="CFI_FILE" Name="ADC.cfi"/>
  <File Type="RNPI_FILE" Name="ADC.rnpi"/>
  <File Type="NPI_FILE" Name="ADC.npi"/>
  <File Type="RBD_FILE" Name="ADC.rbd"/>
  <File Type="BITSTR-LTX" Name="debug_nets.ltx"/>
  <File Type="BITSTR-LTX" Name="ADC.ltx"/>
  <File Type="BITSTR-SYSDEF" Name="ADC.sysdef"/>
  <File Type="BG-BGN" Name="ADC.bgn"/>
  <File Type="BG-DRC" Name="ADC.drc"/>
  <File Type="RDI-RDI" Name="ADC.vdi"/>
  <File Type="WBT-USG" Name="usage_statistics_webtalk.html"/>
  <FileSet Name="sources" Type="DesignSrcs" RelSrcDir="$PSRCDIR/sources_1" RelGenDir="$PGENDIR/sources_1">
    <Filter Type="Srcs"/>
    <File Path="$PSRCDIR/sources_1/new/ADC.vhd">
      <FileInfo>
        <Attr Name="UsedIn" Val="synthesis"/>
        <Attr Name="UsedIn" Val="simulation"/>
      </FileInfo>
    </File>
    <Config>
      <Option Name="DesignMode" Val="RTL"/>
      <Option Name="TopModule" Val="ADC"/>
      <Option Name="TopAutoSet" Val="TRUE"/>
    </Config>
  </FileSet>
  <FileSet Name="constrs_in" Type="Constrs" RelSrcDir="$PSRCDIR/constrs_1">
    <Filter Type="Constrs"/>
    <File Path="$PSRCDIR/constrs_1/new/master.xdc">
      <FileInfo>
        <Attr Name="UsedIn" Val="synthesis"/>
        <Attr Name="UsedIn" Val="implementation"/>
      </FileInfo>
    </File>
    <Config>
      <Option Name="TargetConstrsFile" Val="$PSRCDIR/constrs_1/new/master.xdc"/>
      <Option Name="ConstrsType" Val="XDC"/>
    </Config>
  </FileSet>
  <FileSet Name="utils" Type="Utils" RelSrcDir="$PSRCDIR/utils_1">
    <Filter Type="Utils"/>
    <Config>
      <Option Name="TopAutoSet" Val="TRUE"/>
    </Config>
  </FileSet>
  <Strategy Version="1" Minor="2">
    <StratHandle Name="Vivado Implementation Defaults" Flow="Vivado Implementation 2020"/>
    <Step Id="init_design"/>
    <Step Id="opt_design"/>
    <Step Id="power_opt_design"/>
    <Step Id="place_design"/>
    <Step Id="post_place_power_opt_design"/>
    <Step Id="phys_opt_design"/>
    <Step Id="route_design"/>
    <Step Id="post_route_phys_opt_design"/>
    <Step Id="write_bitstream"/>
  </Strategy>
  <BlockFileSet Type="BlockSrcs" Name="xadc_wiz_0"/>
</GenRun>
